product_category,order_amount
Books,644.4610256410257
Clothing,690.0968292682927
Electronics,448.60513513513513
Home & Garden,742.4330952380952
Sports,723.51
